"category","description","met",
"Bicycling","bicycling, mountain, uphill, vigorous","14",
"Bicycling","bicycling, mountain, competitive, racing","16",
"Bicycling","bicycling, BMX","8.5",
"Bicycling","bicycling, mountain, general","8.5",
"Bicycling","bicycling, <10 mph, leisure, to work or for pleasure","4",
"Bicycling","bicycling, to/from work, self selected pace","6.8",
"Bicycling","bicycling, on dirt or farm road, moderate pace","5.8",
"Bicycling","bicycling, general","7.5",
"Bicycling","bicycling, leisure, 5.5 mph","3.5",
"Bicycling","bicycling, leisure, 9.4 mph","5.8",
"Bicycling","bicycling, 10-11.9 mph, leisure, slow, light effort","6.8",
"Bicycling","bicycling, 12-13.9 mph, leisure, moderate effort","8",
"Bicycling","bicycling, 14-15.9 mph, racing or leisure, fast, vigorous effort","10",
"Bicycling","bicycling, 16-19 mph, racing/not drafting or > 19 mph drafting, very fast, racing general","12",
"Bicycling","bicycling, > 20 mph, racing, not drafting","15.8",
"Bicycling","bicycling, 12 mph, seated, hands on brake hoods or bar drops, 80 rpm","8.5",
"Bicycling","bicycling, 12 mph, standing, hands on brake hoods, 60 rpm","9.0",
"Bicycling","unicycling","5",
"Conditioning Exercise","activity promoting video game (e.g., Wii Fit), light effort (e.g., balance, yoga)","2.3",
"Conditioning Exercise","activity promoting video game (e.g., Wii Fit), moderate effort (e.g., aerobic, resistance)","3.8",
"Conditioning Exercise","activity promoting video/arcade game (e.g., Exergaming, Dance Dance Revolution), vigorous effort","7.2",
"Conditioning Exercise","army type obstacle course exercise, boot camp training program","5.0",
"Conditioning Exercise","bicycling, stationary, general","7",
"Conditioning Exercise","bicycling, stationary, 30-50 watts, very light to light effort","3.5",
"Conditioning Exercise","bicycling, stationary, 90-100 watts, moderate to vigorous effort","6.8",
"Conditioning Exercise","bicycling, stationary, 101-160 watts, vigorous effort","8.8",
"Conditioning Exercise","bicycling, stationary, 161-200 watts, vigorous effort","11",
"Conditioning Exercise","bicycling, stationary, 201-270 watts, very vigorous effort","14",
"Conditioning Exercise","bicycling, stationary, 51-89 watts, light-to-moderate effort","4.8",
"Conditioning Exercise","bicycling, stationary, RPM/Spin bike class","8.5",
"Conditioning Exercise","calisthenics (e.g., push ups, sit ups, pull-ups, jumping jacks), vigorous effort","8",
"Conditioning Exercise","calisthenics (e.g., push ups, sit ups, pull-ups, lunges), moderate effort","3.8",
"Conditioning Exercise","calisthenics (e.g., situps, abdominal crunches), light effort","2.8",
"Conditioning Exercise","calisthenics, light or moderate effort, general (example: back exercises), going up & down from floor","3.5",
"Conditioning Exercise","circuit training, moderate effort","4.3",
"Conditioning Exercise","circuit training, including kettlebells, some aerobic movement with minimal rest, general, vigorous intensity","8",
"Conditioning Exercise","CurvesTM exercise routines in women","3.5",
"Conditioning Exercise","Elliptical trainer, moderate effort","5.0",
"Conditioning Exercise","resistance training (weight lifting - free weight, nautilus or universal-type), power lifting or body building, vigorous effort","6",
"Conditioning Exercise","resistance (weight) training, squats , slow or explosive effort","5",
"Conditioning Exercise","resistance (weight) training, multiple exercises, 8-15 repetitions at varied resistance","3.5",
"Conditioning Exercise","health club exercise, general","5.5"
"Conditioning Exercise","health club exercise classes, general, gym/weight training combined in one visit","5.0",
"Conditioning Exercise","health club exercise, conditioning classes","7.8",
"Conditioning Exercise","home exercise, general","3.8",
"Conditioning Exercise","stair-treadmill ergometer, general","9",
"Conditioning Exercise","rope skipping, general","11",
"Conditioning Exercise","rowing, stationary ergometer, general, vigorous effort","6",
"Conditioning Exercise","rowing, stationary, general, moderate effort","4.8",
"Conditioning Exercise","rowing, stationary, 100 watts, moderate effort","7",
"Conditioning Exercise","rowing, stationary, 150 watts, vigorous effort","8.5",
"Conditioning Exercise","rowing, stationary, 200 watts, very vigorous effort","12",
"Conditioning Exercise","ski machine, general","6.8",
"Conditioning Exercise","slide board exercise, general","11.0",
"Conditioning Exercise","slimnastics, jazzercise","6",
"Conditioning Exercise","stretching, mild","2.3",
"Conditioning Exercise","pilates, general","3",
"Conditioning Exercise","teaching exercise class (e.g., aerobic, water)","6.8",
"Conditioning Exercise","therapeutic exercise ball, Fitball exercise","2.8",
"Conditioning Exercise","upper body exercise, arm ergometer","2.8",
"Conditioning Exercise","upper body exercise, stationary bicycle - Airdyne (arms only) 40 rpm, moderate","4.3",
"Conditioning Exercise","water aerobics, water calisthenics, water exercise","5.3",
"Conditioning Exercise","whirlpool, sitting","1.3",
"Conditioning Exercise","video exercise workouts, TV conditioning programs (e.g., yoga, stretching), light effort","2.3",
"Conditioning Exercise","video exercise workouts, TV conditioning programs (e.g., cardio-resistance), moderate effort","4",
"Conditioning Exercise","video exercise workouts, TV conditioning programs (e.g., cardio-resistance), vigorous effort","6",
"Conditioning Exercise","yoga, Hatha","2.5",
"Conditioning Exercise","yoga, Power","4.0",
"Conditioning Exercise","yoga, Nadisodhana","2",
"Conditioning Exercise","yoga, Surya Namaskar","3.3",
"Conditioning Exercise","native New Zealander physical activities (e.g., Haka Powhiri, Moteatea, Waita Tira, Whakawatea, etc.) , general, moderate effort","5.3",
"Conditioning Exercise","native New Zealander physical activities (e.g., Haka, Taiahab), general, vigorous effort","6.8",
"Dancing","ballet, modern, or jazz, general, rehearsal or class","5",
"Dancing","ballet, modern, or jazz, performance, vigorous effort","6.8",
"Dancing","tap","4.8",
"Dancing","aerobic, general","7.3",
"Dancing","aerobic, step, with 6 - 8 inch step","7.5",
"Dancing","aerobic, step, with 10 - 12 inch step","9.5",
"Dancing","aerobic, step, with 4-inch step","5.5",
"Dancing","bench step class, general","8.5",
"Dancing","aerobic, low impact","5",
"Dancing","aerobic, high impact","7.3",
"Dancing","aerobic dance wearing 10-15 lb weights","10.0",
"Dancing","ethnic or cultural dancing (e.g., Greek, Middle Eastern, hula, salsa, merengue, bamba y plena, flamenco, belly, and swing)","4.5",
"Dancing","ballroom, fast","5.5",
"Dancing","general dancing (e.g., disco, folk, Irish step dancing, line dancing, polka, contra, country)","7.8",
"Dancing","ballroom dancing, competitive, general","11.3",
"Dancing","ballroom, slow (e.g., waltz, foxtrot, slow dancing, samba, tango, 19th century dance, mambo, cha cha)","3",
"Dancing","Anishinaabe Jingle Dancing","5.5",
"Dancing","Caribbean dance (Abakua, Beguine, Bellair, Bongo, Brukin's, Caribbean Quadrills, Dinki Mini, Gere, Gumbay, Ibo, Jonkonnu, Kumina, Oreisha, Jambu)","3.5",
"Dancing","fishing, general","3.5",
"Dancing","fishing, crab fishing","4.5",
"Dancing","fishing, catching fish with hands","4.0",
"Dancing","fishing related, digging worms, with shovel","4.3",
"Dancing","fishing from river bank and walking","4",
"Fishing & Hunting","fishing from boat or canoe, sitting","2",
"Fishing & Hunting","fishing from river bank, standing","3.5",
"Fishing & Hunting","fishing in stream, in waders","6",
"Fishing & Hunting","fishing, ice, sitting","2",
"Fishing & Hunting","fishing, jog or line, standing, general","1.8",
"Fishing & Hunting","fishing, dip net, setting net and retrieving fish, general","3.5",
"Fishing & Hunting","fishing, set net, setting net and retrieving fish, general","3.8",
"Fishing & Hunting","fishing, fishing wheel, setting net and retrieving fish, general","3.0",
"Fishing & Hunting","fishing with a spear, standing","2.3",
"Fishing & Hunting","hunting, bow and arrow, or crossbow","2.5",
"Fishing & Hunting","hunting, deer, elk, large game","6",
"Fishing & Hunting","hunting large game, dragging carcass","11.3",
"Fishing & Hunting","hunting large marine animals","4.0",
"Fishing & Hunting","hunting large game, from a hunting stand, limited walking","2.5",
"Fishing & Hunting","hunting large game from a car, plane, or boat","2.0",
"Fishing & Hunting","hunting, duck, wading","2.5",
"Fishing & Hunting","hunting, flying fox, squirrel","3.0",
"Fishing & Hunting","hunting, general","5",
"Fishing & Hunting","hunting, pheasants or grouse","6",
"Fishing & Hunting","hunting, birds","3.3",
"Fishing & Hunting","hunting, rabbit, squirrel, prairie chick, raccoon, small game","5",
"Fishing & Hunting","hunting, pigs, wild","3.3",
"Fishing & Hunting","trapping game, general","2.0",
"Fishing & Hunting","hunting, hiking with hunting gear","9.5",
"Fishing & Hunting","pistol shooting or trap shooting, standing","2.5",
"Fishing & Hunting","rifle exercises, shooting, lying down","2.3",
"Fishing & Hunting","rifle exercises, shooting, kneeling or standing","2.5",
"Home Activities","cleaning, sweeping carpet or floors, general","3.3",
"Home Activities","cleaning, sweeping, slow, light effort","2.3",
"Home Activities","cleaning, sweeping, slow, moderate effort","3.8",
"Home Activities","cleaning, heavy or major (e.g. wash car, wash windows, clean garage), moderate effort","3.5",
"Home Activities","cleaning, mopping, standing, moderate effort","3.5",
"Home Activities","cleaning windows, washing windows, general","3.2",
"Home Activities","mopping, standing, light effort","2.5",
"Home Activities","polishing floors, standing, walking slowly, using electric polishing machine","4.5",
"Home Activities","multiple household tasks all at once, light effort","2.8",
"Home Activities","multiple household tasks all at once, moderate effort","3.5",
"Home Activities","multiple household tasks all at once, vigorous effort","4.3",
"Home Activities","cleaning, house or cabin, general, moderate effort","3.3",
"Home Activities","dusting or polishing furniture, general","2.3",
"Home Activities","kitchen activity, general, (e.g., cooking, washing dishes, cleaning up), moderate effort","3.3",
"Home Activities","cleaning, general (straightening up, changing linen, carrying out trash, light effort","2.5",
"Home Activities","wash dishes, standing or in general (not broken into stand/walk components)","1.8",
"Home Activities","wash dishes, clearing dishes from table, walking, light effort","2.5",
"Home Activities","vacuuming, general, moderate effort","3.3",
"Home Activities","butchering animals, small","3",
"Home Activities","butchering animal, large, vigorous effort","6",
"Home Activities","cutting and smoking fish, drying fish or meat","2.3",
"Home Activities","tanning hides, general","4.0",
"Home Activities","cooking or food preparation, moderate effort","3.5",
"Home Activities","cooking or food preparation - standing or sitting or in general (not broken into stand/walk components), manual appliances, light effort","2",
"Home Activities","serving food, setting table, implied walking or standing","2.5",
"Home Activities","cooking or food preparation, walking","2.5",
"Home Activities","feeding household animals","2.5",
"Home Activities","putting away groceries (e.g. carrying groceries, shopping without a grocery cart), carrying packages","2.5",
"Home Activities","carrying groceries upstairs","7.5",
"Home Activities","cooking Indian bread on an outside stove","3",
"Home Activities","food shopping with or without a grocery cart, standing or walking","2.3",
"Home Activities","non-food shopping, with or without a cart, standing or walking","2.3",
"Home Activities","ironing","1.8",
"Home Activities","knitting, sewing, light effort, wrapping presents, sitting","1.3",
"Home Activities","sewing with a machine","2.8",
"Home Activities","laundry, fold or hang clothes, put clothes in washer or dryer, packing suitcase, washing clothes by hand, implied standing, light effort","2",
"Home Activities","laundry, hanging wash, washing clothes by hand, moderate effort","4.0",
"Home Activities","laundry, putting away clothes, gathering clothes to pack, putting away laundry, implied walking","2.3",
"Home Activities","making bed, changing linens","3.3",
"Home Activities","maple syruping/sugar bushing (including carrying buckets, carrying wood)","5",
"Home Activities","moving furniture, household items, carrying boxes","5.8",
"Home Activities","moving, lifting light loads","5",
"Home Activities","organizing room","4.8",
"Home Activities","scrubbing floors, on hands and knees, scrubbing bathroom, bathtub, moderate effort","3.5",
"Home Activities","scrubbing floors, on hands and knees, scrubbing bathroom, bathtub, light effort","2",
"Home Activities","scrubbing floors, on hands and knees, scrubbing bathroom, bathtub, vigorous effort","6.5",
"Home Activities","sweeping garage, sidewalk or outside of house","4",
"Home Activities","standing, packing/unpacking boxes, occasional lifting of lightweight household items, loading or unloading items in car, moderate effort","3.5",
"Home Activities","implied walking, putting away household items, moderate effort","3",
"Home Activities","watering plants","2.5",
"Home Activities","building a fire inside","2.5",
"Home Activities","moving household items upstairs, carrying boxes or furniture","9",
"Home Activities","standing, light effort tasks (pump gas, change light bulb, etc.)","2",
"Home Activities","walking,moderate effort tasks, non-cleaning (readying to leave, shut/lock doors, close windows, etc.)","3.5",
"Home Activities","sitting, playing with child(ren), light effort, only active periods","2.2",
"Home Activities","standing, playing with child(ren) light effort, only active periods","2.8",
"Home Activities","walking/running, playing with child(ren), moderate effort, only active periods","3.5",
"Home Activities","walking/running, playing with child(ren), vigorous effort, only active periods","5.8",
"Home Activities","walking and carrying small child, child weighing 15 lbs or more","3",
"Home Activities","walking and carrying small child, child weighing less than 15 lbs","2.3",
"Home Activities","standing, holding child","2.0",
"Home Activities","child care, infant, general","2.5",
"Home Activities","child care, sitting/kneeling (e.g., dressing, bathing, grooming, feeding, occasional lifting of child), light effort, general","2",
"Home Activities","child care, standing (e.g., dressing, bathing, grooming, feeding, occasional lifting of child), moderate effort","3",
"Home Activities","reclining with baby","1.5",
"Home Activities","breastfeeding, sitting or reclining","2.0",
"Home Activities","sit, playing with animals, light effort, only active periods","2.5",
"Home Activities","stand, playing with animals, light effort, only active periods","2.8",
"Home Activities","walk/run, playing with animals, general, light effort, only active periods","3",
"Home Activities","walk/run, playing with animals, moderate effort, only active periods","4",
"Home Activities","walk/run, playing with animals, vigorous effort, only active periods","5",
"Home Activities","standing, bathing dog","3.5",
"Home Activities","animal care, household animals, general","2.3",
"Home Activities","elder care, disabled adult, bathing, dressing, moving into and out of bed, only active periods","4.0",
"Home Activities","elder care, disabled adult, feeding, combing hair, light effort, only active periods","2.3",
"Home Activities","airplane repair","3",
"Home Activities","automobile body work","4",
"Home Activities","automobile repair, light or moderate effort","3.3",
"Home Activities","carpentry, general, workshop","3",
"Home Activities","carpentry, outside house, installing rain gutters, carpentry, outside house, building a fence","6",
"Home Activities","carpentry, outside house, building a fence","3.8",
"Home Activities","carpentry, finishing or refinishing cabinets or furniture","3.3",
"Home Activities","carpentry, sawing hardwood","6",
"Home Activities","carpentry, home remodeling tasks, moderate effort","4.0",
"Home Activities","carpentry, home remodeling tasks, light effort","2.3",
"Home Activities","caulking, chinking log cabin","5",
"Home Activities","caulking, except log cabin","4.5",
"Home Activities","cleaning gutters","5",
"Home Activities","excavating garage","5",
"Home Activities","hanging storm windows","5",
"Home Activities","hanging sheet rock inside house","5.0",
"Home Activities","hammering nails","3.0",
"Home Activities","home repair, general, light effort","2.5",
"Home Activities","home repair, general, moderate effort","4.5",
"Home Activities","home repair, general, vigorous effort","6.0",
"Home Activities","laying or removing carpet","4.5",
"Home Activities","laying tile or linoleum,repairing appliances","3.8",
"Home Activities","repairing appliances","3",
"Home Activities","painting, outside home","5",
"Home Activities","painting inside house,wallpapering, scraping paint","3.3",
"Home Activities","painting,","4.5",
"Home Activities","plumbing, general","3.0",
"Home Activities","put on and removal of tarp - sailboat","3",
"Home Activities","roofing","6",
"Home Activities","sanding floors with a power sander","4.5",
"Home Activities","scraping and painting sailboat or powerboat","4.5",
"Home Activities","sharpening tools","2.0",
"Home Activities","spreading dirt with a shovel","5",
"Home Activities","washing and waxing hull of sailboat or airplane","4.5",
"Home Activities","washing and waxing car","2.0",
"Home Activities","washing fence, painting fence, moderate effort","4.5",
"Home Activities","wiring, tapping-splicing","3.3",
"Inactivity Quiet/Light","lying quietly and watching television","1",
"Inactivity Quiet/Light","lying quietly, doing nothing, lying in bed awake, listening to music (not talking or reading)","1.3",
"Inactivity Quiet/Light","sitting quietly and watching television","1.3",
"Inactivity Quiet/Light","sitting quietly, general","1.3",
"Inactivity Quiet/Light","sitting quietly, fidgeting, general, fidgeting hands","1.5",
"Inactivity Quiet/Light","sitting, fidgeting feet","1.8",
"Inactivity Quiet/Light","sitting, smoking","1.3",
"Inactivity Quiet/Light","sitting, listening to music (not talking or reading) or watching a movie in a theater","1.5",
"Inactivity Quiet/Light","sitting at a desk, resting head in hands","1.3",
"Inactivity Quiet/Light","sleeping","0.95",
"Inactivity Quiet/Light","standing quietly, standing in a line","1.3",
"Inactivity Quiet/Light","standing, fidgeting","1.8",
"Inactivity Quiet/Light","reclining, writing","1.3",
"Inactivity Quiet/Light","reclining, talking or talking on phone","1.3",
"Inactivity Quiet/Light","reclining, reading","1.3",
"Inactivity Quiet/Light","meditating","1",
"Lawn & Gardening","carrying, loading or stacking wood, loading/unloading or carrying lumber, light-to-moderate effort","3.3",
"Lawn & Gardening","carrying, loading or stacking wood, loading/unloading or carrying lumber","5.5",
"Lawn & Gardening","chopping wood, splitting logs, moderate effort","4.5",
"Lawn & Gardening","chopping wood, splitting logs, vigorous effort","6.3",
"Lawn & Gardening","clearing light brush, thinning garden, moderate effort","3.5",
"Lawn & Gardening","clearing brush/land, undergrowth, or ground, hauling branches, wheelbarrow chores, vigorous effort","6.3",
"Lawn & Gardening","digging sandbox, shoveling sand","5",
"Lawn & Gardening","digging, spading, filling garden, composting, light-to-moderate effort","3.5",
"Lawn & Gardening","digging, spading, filling garden, compositing,","5",
"Lawn & Gardening","digging, spading, filling garden, composting, vigorous effort","7.8",
"Lawn & Gardening","driving tractor","2.8",
"Lawn & Gardening","felling trees, large size","8.3",
"Lawn & Gardening","felling trees, small-medium size","5.3",
"Lawn & Gardening","gardening with heavy power tools, tilling a garden, chain saw","5.8",
"Lawn & Gardening","gardening, using containers, older adults > 60 years","2.3",
"Lawn & Gardening","irrigation channels, opening and closing ports","4.0",
"Lawn & Gardening","laying crushed rock","6.3",
"Lawn & Gardening","laying sod","5",
"Lawn & Gardening","mowing lawn, general","5.5",
"Lawn & Gardening","mowing lawn, riding mower","2.5",
"Lawn & Gardening","mowing lawn, walk, hand mower","6",
"Lawn & Gardening","mowing lawn, walk, power mower, moderate or vigorous effort","5",
"Lawn & Gardening","mowing lawn, power mower, light or moderate effort ","4.5",
"Lawn & Gardening","operating snow blower, walking","2.5",
"Lawn & Gardening","planting, potting, transplanting seedlings or plants, light effort","2.0",
"Lawn & Gardening","planting seedlings, shrub, stooping, moderate effort","4.3",
"Lawn & Gardening","planting crops or garden, stooping, moderate effort","4.3",
"Lawn & Gardening","planting trees","4.5",
"Lawn & Gardening","raking lawn or leaves, moderate effort","3.8",
"Lawn & Gardening","raking lawn","4",
"Lawn & Gardening","raking roof with snow rake","4",
"Lawn & Gardening","riding snow blower","3",
"Lawn & Gardening","sacking grass, leaves","4",
"Lawn & Gardening","shoveling dirt or mud","5.5",
"Lawn & Gardening","shoveling snow, by hand, moderate effort","5.3",
"Lawn & Gardening","shovelling snow, by hand","6",
"Lawn & Gardening","shoveling snow, by hand, vigorous effort","7.5",
"Lawn & Gardening","trimming shrubs or trees, manual cutter","4",
"Lawn & Gardening","trimming shrubs or trees, power cutter, using leaf blower, edge, moderate effort","3.5",
"Lawn & Gardening","walking, applying fertilizer or seeding a lawn, push applicator","3",
"Lawn & Gardening","watering lawn or garden, standing or walking","1.5",
"Lawn & Gardening","weeding, cultivating garden, light-to-moderate effort","3.5"
"Lawn & Gardening","weeding, cultivating garden","4.5",
"Lawn & Gardening","weeding, cultivating garden, using a hoe, moderate-to-vigorous effort","5.0",
"Lawn & Gardening","gardening, general, moderate effort","3.8",
"Lawn & Gardening","picking fruit off trees, picking fruits/vegetables, moderate effort","3.5",
"Lawn & Gardening","picking fruit off trees, gleaning fruits, picking fruits/vegetables, climbing ladder to pick fruit, vigorous effort","4.5",
"Lawn & Gardening","implied walking/standing - picking up yard, light, picking flowers or vegetables","3.3",
"Lawn & Gardening","walking, gathering gardening tools","3",
"Lawn & Gardening","wheelbarrow, pushing garden cart or wheelbarrow","5.5",
"Lawn & Gardening","yard work, general, light effort","3",
"Lawn & Gardening","yard work, general, moderate effort","4.0",
"Lawn & Gardening","yard work, general, vigorous effort","6",
"Miscellaneous","board game playing, sitting","1.5",
"Miscellaneous","casino gambling, standing","2.5",
"Miscellaneous","card playing, sitting","1.5",
"Miscellaneous","chess game, sitting","1.5",
"Miscellaneous","copying documents, standing","1.5",
"Miscellaneous","drawing, writing, painting, standing","1.8",
"Miscellaneous","laughing, sitting","1",
"Miscellaneous","sitting, reading, book, newspaper, etc.","1.3",
"Miscellaneous","sitting, writing, desk work, typing","1.3",
"Miscellaneous","sitting, playing traditional video game, computer game","1.0",
"Miscellaneous","standing, talking in person, on the phone, computer, or text messaging, light effort","1.8",
"Miscellaneous","sitting, talking in person, on the phone, computer, or text messaging, light effort","1.5",
"Miscellaneous","sitting, studying, general, including reading and/or writing, light effort","1.3",
"Miscellaneous","sitting, in class, general, including note-taking or class discussion","1.8",
"Miscellaneous","standing, reading","1.8",
"Miscellaneous","standing, miscellaneous","2.5",
"Miscellaneous","sitting, arts and crafts, carving wood, weaving, spinning wool, light effort","1.8",
"Miscellaneous","sitting, arts and crafts, carving wood, weaving, spinning wool, moderate effort","3",
"Miscellaneous","standing, arts and crafts, sand painting, carving, weaving, light effort","2.5",
"Miscellaneous","standing, arts and crafts, sand painting, carving, weaving, moderate effort","3.3",
"Miscellaneous","standing, arts and crafts, sand painting, carving, weaving, vigorous effort","3.5",
"Miscellaneous","retreat/family reunion activities involving sitting, relaxing, talking, eating","1.8",
"Miscellaneous","retreat/family reunion activities involving playing games with children","3.0",
"Miscellaneous","touring/traveling/vacation involving riding in a vehicle","2",
"Miscellaneous","touring/traveling/vacation involving walking","3.5",
"Miscellaneous","camping involving standing, walking, sitting, light-to-moderate effort","2.5",
"Miscellaneous","sitting at a sporting event, spectator","1.5",
"Music Playing","accordion, sitting","1.8",
"Music Playing","cello, sitting","2.3",
"Music Playing","conducting orchestra, standing","2.3",
"Music Playing","double bass, standing","2.5",
"Music Playing","drums, sitting","3.8",
"Music Playing","drumming (e.g., bongo, conga, benbe), moderate, sitting","3.0",
"Music Playing","flute, sitting","2",
"Music Playing","horn, standing","1.8",
"Music Playing","piano, sitting","2.3",
"Music Playing","playing musical instruments, general","2",
"Music Playing","organ, sitting","2",
"Music Playing","trombone, standing","3.5",
"Music Playing","trumpet, standing","1.8",
"Music Playing","violin, sitting","2.5",
"Music Playing","woodwind, sitting","1.8",
"Music Playing","guitar, classical, folk, sitting","2",
"Music Playing","guitar, rock and roll band, standing","3",
"Music Playing","marching band, baton twirling, walking, moderate pace, general","4",
"Music Playing","marching band, playing an instrument, walking, brisk pace, general","5.5",
"Music Playing","marching band, drum major, walking","3.5",
"Occupation","active workstation, treadmill desk, walking","2.3",
"Occupation","airline flight attendant","3.0",
"Occupation","bakery, general, moderate effort","4",
"Occupation","bakery, light effort","2",
"Occupation","bookbinding","2.3",
"Occupation","building road, driving heavy machinery","6",
"Occupation","building road, directing traffic, standing","2",
"Occupation","carpentry, general, light effort","2.5",
"Occupation","carpentry, general, moderate effort","4.3",
"Occupation","carpentry, general, heavy or vigorous effort","7.0",
"Occupation","carrying heavy loads (e.g., bricks, tools)","8",
"Occupation","carrying moderate loads up stairs, moving boxes 25-49 lbs","8",
"Occupation","chambermaid, hotel housekeeper, making bed, cleaning bathroom, pushing cart","4",
"Occupation","coal mining, drilling coal, rock","5.3",
"Occupation","coal mining, erecting supports","5",
"Occupation","coal mining, general","5.5",
"Occupation","coal mining, shoveling coal","6.3",
"Occupation","cook, chef","2.5",
"Occupation","construction, outside, remodeling, new structures (e.g., roof repair, miscellaneous","4",
"Occupation","custodial work, light effort (e.g., cleaning sink and toilet, dusting, vacuuming, light cleaning)","2.3",
"Occupation","custodial work, moderate effort (e.g., electric buffer, feathering arena floors, mopping, taking out trash, vacuuming)","3.8",
"Occupation","driving delivery truck, taxi, shuttle bus, school bus","2.0",
"Occupation","electrical work (e.g., hook up wire, tapping-splicing)","3.3",
"Occupation","engineer (e.g., mechanical or electrical)","1.8",
"Occupation","farming, vigorous effort (e.g., baling hay, cleaning barn)","7.8",
"Occupation","farming, moderate effort (e.g., feeding animals, chasing cattle by walking and/or horseback, spreading manure, harvesting crops)","4.8",
"Occupation","farming, light effort (e.g., cleaning animal sheds, preparing animal feed)","2",
"Occupation","farming, driving tasks (e.g., driving tractor or harvester)","2.8",
"Occupation","farming, feeding small animals","3.5",
"Occupation","farming, feeding cattle, horses","4.3",
"Occupation","farming, hauling water for animals, general hauling water","4.3",
"Occupation","farming, taking care of animals (e.g., grooming, brushing, shearing sheep, assisting with birthing, medical care, branding), general","4.5",
"Occupation","farming, rice, planting, grain milling activities","3.8",
"Occupation","farming, milking by hand, cleaning pails, moderate effort","3.5",
"Occupation","farming, milking by machine, light effort","1.3",
"Occupation","fire fighter, general","8",
"Occupation","fire fighter, rescue victim, automobile accident, using pike pole","6.8",
"Occupation","fire fighter, raising and climbing ladder with full gear, simulated fire suppression","8",
"Occupation","fire fighter, hauling hoses on ground, carrying/hoisting equipment, breaking down walls, wearing full gear","9",
"Occupation","fishing, commercial, light effort","3.5",
"Occupation","fishing, commercial, moderate effort","5",
"Occupation","fishing, commercial, vigorous effort","7",
"Occupation","forestry, ax chopping, very fast, 1.25 kg axe, 51 blows/min, extremely vigorous effort","17.5",
"Occupation","forestry, ax chopping, slow, 1.25 kg axe, 19 blows/min, moderate effort","5",
"Occupation","forestry, ax chopping, fast, 1.25 kg axe, 35 blows/min, vigorous effort","8",
"Occupation","forestry, moderate effort (e.g., sawing wood with power saw, weeding, hoeing)","4.5",
"Occupation","forestry, vigorous effort (e.g., barking, felling, or trimming trees, carrying or stacking logs, felling trees, planting seeds, sawing lumber by hand )","8.0",
"Occupation","furriery","4.5",
"Occupation","garbage collector, walking, dumping bins into truck","4",
"Occupation","hairstylist (e.g., plaiting hair, manicure, make-up artist)","1.8",
"Occupation","horse grooming, including feeding, cleaning stalls, bathing, brushing, clipping,longeing and exercising horses.","7.3",
"Occupation","horse, feeding, watering, cleaning stalls, implied walking and lifting loads","4.3",
"Occupation","horse racing, galloping","7.3",
"Occupation","horse racing, trotting","5.8",
"Occupation","horse racing, walking","3.8",
"Occupation","kitchen maid","3",
"Occupation","lawn keeper, yard work, general","4",
"Occupation","laundry worker","3.3",
"Occupation","locksmith","3",
"Occupation","machine tooling (e.g., machining, working sheet metal, machine fitter, operating lathe, welding) light-to-moderate effort","3",
"Occupation","machine tooling, operating punch press, moderate effort","5.0",
"Occupation","manager, property","1.8",
"Occupation","manual or unskilled labor, general, light effort","2.8",
"Occupation","manual or unskilled labor, general, moderate effort","4.5",
"Occupation","manual or unskilled labor, general, vigorous effort","6.5",
"Occupation","masonry, concrete, moderate effort","4.3",
"Occupation","masonry, concrete, light effort","2.5",
"Occupation","massage therapist, standing","4",
"Occupation","moving, carrying or pushing heavy objects, 75 lbs or more, only active time (e.g., desks, moving van work)","7.5",
"Occupation","skindiving or SCUBA diving as a frogman, Navy Seal","12",
"Occupation","operating heavy duty equipment, automated, not driving","2.5",
"Occupation","orange grove work, picking fruit","4.5",
"Occupation","painting,house, furniture, moderate effort","3.3",
"Occupation","plumbing activities","3",
"Occupation","printing, paper industry worker, standing","2",
"Occupation","police, directing traffic, standing","2.5",
"Occupation","police, driving a squad car, sitting","2.5",
"Occupation","police, riding in a squad car, sitting","1.3",
"Occupation","police, making an arrest, standing","4",
"Occupation","postal carrier, walking to deliver mail","2.3",
"Occupation","shoe repair, general","2",
"Occupation","shoveling, digging ditches","7.8",
"Occupation","shoveling, more than 16 pounds/minute, deep digging, vigorous effort","8.8",
"Occupation","shoveling, less than 10 pounds/minute, moderate effort","5",
"Occupation","shoveling, 10 to 15 pounds/minute, vigorous effort","6.5",
"Occupation","sitting tasks, light effort (e.g., office work, chemistry lab work, computer work, light assembly repair, watch repair, reading, desk work)","1.5",
"Occupation","sitting meetings, light effort, general, and/or with talking involved (e.g., eating at a business meeting)","1.5",
"Occupation","sitting tasks, moderate effort (e.g., pushing heavy levers, riding mower/forklift, crane operation)","2.5",
"Occupation","sitting, teaching stretching or yoga, or light effort exercise class","2.8",
"Occupation","standing tasks, light effort (e.g., bartending, store clerk, assembling, filing, duplicating, librarian, putting up a Christmas tree, standing and talking at work, changing clothes when teaching physical education,standing)","3",
"Occupation","standing, light/moderate effort (e.g., assemble/repair heavy parts, welding,stocking parts,auto repair,standing, packing boxes, nursing patient care)","3",
"Occupation","standing, moderate effort, lifting items continuously, 10 – 20 lbs, with limited walking or resting","4.5",
"Occupation","standing, moderate effort, intermittent lifting 50 lbs, hitch/twisting ropes","3.5",
"Occupation","standing, moderate/heavy tasks (e.g., lifting more than 50 lbs, masonry, painting, paper hanging)","4.5",
"Occupation","steel mill, moderate effort (e.g., fettling, forging, tipping molds)","5.3",
"Occupation","steel mill, vigorous effort (e.g., hand rolling, merchant mill rolling, removing slag, tending furnace)","8.3",
"Occupation","tailoring, cutting fabric","2.3",
"Occupation","tailoring, general","2.5",
"Occupation","tailoring, hand sewing","1.8",
"Occupation","tailoring, machine sewing","2.5",
"Occupation","tailoring, pressing","3.5",
"Occupation","tailoring, weaving, light effort (e.g., finishing operations, washing, dyeing, inspecting cloth, counting yards, paperwork)","2",
"Occupation","tailoring, weaving, moderate effort (e.g., spinning and weaving operations, delivering boxes of yam to spinners, loading of warp bean, pinwinding, conewinding, warping, cloth cutting)","4",
"Occupation","truck driving, loading and unloading truck, tying down load, standing, walking and carrying heavy loads","6.5",
"Occupation","typing, electric, manual or computer","1.3",
"Occupation","using heavy power tools such as pneumatic tools (e.g., jackhammers, drills)","6.3",
"Occupation","using heavy tools (not power) such as shovel, pick, tunnel bar, spade","8",
"Occupation","walking on job, less than 2.0 mph, very slow speed, in office or lab area","2",
"Occupation","walking on job, 3.0 mph, in office, moderate speed, not carrying anything","3.5",
"Occupation","walking on job, 3.5 mph, in office, brisk speed, not carrying anything","4.3",
"Occupation","walking on job, 2.5 mph, slow speed and carrying light objects less than 25 pounds","3.5",
"Occupation","walking, gathering things at work, ready to leave","3",
"Occupation","walking, 2.5 mph, slow speed, carrying heavy objects more than 25 lbs","3.8",
"Occupation","walking, 3.0 mph, moderately and carrying light objects less than 25 lbs","4.5",
"Occupation","walking, pushing a wheelchair","3.5",
"Occupation","walking, 3.5 mph, briskly and carrying objects less than 25 pounds","4.8",
"Occupation","walking or walk downstairs or standing, carrying objects about 25 to 49 pounds","5",
"Occupation","walking or walk downstairs or standing, carrying objects about 50 to 74 pounds","6.5",
"Occupation","walking or walk downstairs or standing, carrying objects about 75 to 99 pounds","7.5",
"Occupation","walking or walk downstairs or standing, carrying objects about 100 pounds or over","8.5",
"Occupation","working in scene shop, theater actor, backstage employee","3",
"Occupation","teach physical education, exercise, sports classes (participate in the class)",
"Running","jog/walk combination (jogging component of less than 10 minutes)","6",
"Running","jogging, general","7",
"Running","jogging, in place","8",
"Running","jogging, on a mini-tramp","4.5",
"Running","running, 4 mph (15 min/mile)","6.0",
"Running","running, 5 mph (12 min/mile)","8.3",
"Running","running, 5.2 mph (11.5 min/mile)","9",
"Running","running, 6 mph (10 min/mile)","9.8",
"Running","running, 6.7 mph (9 min/mile)","10.5",
"Running","running, 7 mph (8.5 min/mile)","11",
"Running","running, 7.5 mph (8 min/mile)","11.8",
"Running","running, 8 mph (7.5 min/mile)","11.8",
"Running","running, 8.6 mph (7 min/mile)","12.3",
"Running","running, 9 mph (6.5 min/mile)","12.8",
"Running","running, 10 mph (6 min/mile)","14.5",
"Running","running, 11 mph (5.5 min/mile)","16",
"Running","running, 12 mph (5 min/mile)","19.0",
"Running","running, 13 mph (4.6 min/mile)","19.8",
"Running","running, 14 mph (4.3 min/mile)","23",
"Running","running, cross country","9",
"Running","running","8",
"Running","running, stairs, up","15",
"Running","running, on a track, team practice","10",
"Running","running, training, pushing a wheelchair or baby carrier","8",
"Running","running, marathon","13.3",
"Self Care","getting ready for bed, general, standing","2.3",
"Self Care","sitting on toilet, eliminating while standing or squating","1.8",
"Self Care","bathing, sitting","1.5",
"Self Care","dressing, undressing, standing or sitting","2.5",
"Self Care","eating, sitting","1.5",
"Self Care","talking and eating or eating only, standing","2",
"Self Care","taking medication, sitting or standing","1.5",
"Self Care","grooming, washing hands, shaving, brushing teeth, putting on make-up, sitting or standing","2",
"Self Care","hairstyling, standing","2.5",
"Self Care","having hair or nails done by someone else, sitting","1.3",
"Self Care","showering, toweling off, standing","2",
"Sexual Activity","active, vigorous effort","2.8",
"Sexual Activity","general, moderate effort","1.8",
"Sexual Activity","passive, light effort, kissing, hugging","1.3",
"Sports","Alaska Native Games, Eskimo Olympics, general","5.5",
"Sports","archery, non-hunting","4.3",
"Sports","badminton, competitive","7",
"Sports","badminton, social singles and doubles, general","5.5",
"Sports","basketball, game","8",
"Sports","basketball, non-game, general","6",
"Sports","basketball, general","6.5",
"Sports","basketball, officiating","7",
"Sports","basketball, shooting baskets","4.5",
"Sports","basketball, drills, practice","9.3",
"Sports","basketball, wheelchair","7.8",
"Sports","billiards","2.5",
"Sports","bowling","3",
"Sports","bowling, indoor, bowling alley","3.8",
"Sports","boxing, in ring, general","12.8",
"Sports","boxing, punching bag","5.5",
"Sports","boxing, sparring","7.8",
"Sports","broomball","7",
"Sports","children’s games, adults playing (e.g., hopscotch, 4-square, dodge ball, playground apparatus, t-ball, tetherball, marbles, jacks, arcade games), moderate effort","5.8",
"Sports","cheerleading, gymnastic moves, competitive","6.0",
"Sports","coaching, football, soccer, basketball, baseball, swimming, etc.","4",
"Sports","coaching, actively playing sport with players","8",
"Sports","cricket, batting, bowling, fielding","4.8",
"Sports","croquet","3.3",
"Sports","curling","4",
"Sports","darts, wall or lawn","2.5",
"Sports","drag racing, pushing or driving a car","6",
"Sports","auto racing, open wheel","8.5",
"Sports","fencing","6",
"Sports","football, competitive","8",
"Sports","football, touch, flag, general","8",
"Sports","football, touch, flag, light effort","4.0",
"Sports","football or baseball, playing catch","2.5",
"Sports","frisbee playing, general","3",
"Sports","frisbee, ultimate","8",
"Sports","golf, general","4.8",
"Sports","golf, walking, carrying clubs","4.3",
"Sports","golf, miniature, driving range","3",
"Sports","golf, pulling clubs",,
"Sports","golf, walking, pulling clubs","5.3",
"Sports","golf, using power cart","3.5",
"Sports","gymnastics, general","3.8",
"Sports","hacky sack","4",
"Sports","handball, general","12",
"Sports","handball, team","8",
"Sports","high ropes course, multiple elements","4",
"Sports","hang gliding","3.5",
"Sports","hockey, field","7.8",
"Sports","hockey, ice, general","8",
"Sports","hockey, ice, competitive","10.0",
"Sports","horseback riding, general","5.5",
"Sports","horse chores, feeding, watering, cleaning stalls, implied walking and lifting loads","4.3",
"Sports","saddling, cleaning, grooming, harnessing and unharnessing horse","4.5",
"Sports","horseback riding, trotting","5.8",
"Sports","horseback riding, canter or gallop","7.3",
"Sports","horseback riding,walking","3.8",
"Sports","horseback riding, jumping","9.0",
"Sports","horse cart, driving, standing or sitting","1.8",
"Sports","horseshoe pitching, quoits","3",
"Sports","jai alai","12",
"Sports","martial arts, different types, slower pace, novice performers, practice","5.3",
"Sports","martial arts, different types, moderate pace (e.g., judo, jujitsu, karate, kick boxing, tae kwan do, tai-bo, Muay Thai boxing)","10.3",
"Sports","juggling","4",
"Sports","kickball","7",
"Sports","lacrosse","8",
"Sports","lawn bowling, bocce ball, outdoor","3.3",
"Sports","moto-cross, off-road motor sports, all-terrain vehicle, general","4",
"Sports","orienteering","9",
"Sports","paddleball, competitive","10",
"Sports","paddleball, casual, general","6",
"Sports","polo, on horseback","8",
"Sports","racquetball, competitive","10",
"Sports","racquetball, general","7",
"Sports","rock or mountain climbing","8.0",
"Sports","rock climbing, ascending rock, high difficulty","7.5",
"Sports","rock climbing, ascending or traversing rock, low-to-moderate difficulty","5.8",
"Sports","rock climbing, rappelling","5",
"Sports","rodeo sports, general, light effort","4",
"Sports","rodeo sports, general, moderate effort","5.5",
"Sports","rodeo sports, general, vigorous effort","7.0",
"Sports","rope jumping, fast pace, 120-160 skips/min","12.3",
"Sports","rope jumping, moderate pace, 100-120 skips/min, general, 2 foot skip, plain bounce","11.8",
"Sports","rope jumping, slow pace, < 100 skips/min, 2 foot skip, rhythm bounce","8.8",
"Sports","rugby, union, team, competitive","8.3",
"Sports","rugby, touch, non-competitive","6.3",
"Sports","shuffleboard","3",
"Sports","skateboarding, general, moderate effort","5",
"Sports","skateboarding, competitive, vigorous effort","6.0",
"Sports","skating, roller","7",
"Sports","rollerblading, in-line skating, 14.4 km/h (9.0 mph), recreational pace","7.5",
"Sports","rollerblading, in-line skating, 17.7 km/h (11.0 mph), moderate pace, exercise training","9.8",
"Sports","rollerblading, in-line skating, 21.0 to 21.7 km/h (13.0 to 13.6 mph), fast pace, exercise training","12.3",
"Sports","rollerblading, in-line skating, 24.0 km/h (15.0 mph), maximal effort","14",
"Sports","skydiving, base jumping, bungee jumping","3.5",
"Sports","soccer, competitive","10",
"Sports","soccer, casual, general","7",
"Sports","softball or baseball, fast or slow pitch, general","5",
"Sports","softball, practice","4.0",
"Sports","softball, officiating","4",
"Sports","softball,pitching","6",
"Sports","sports spectator, very excited, emotional, physically moving","3.3",
"Sports","squash ","12",
"Sports","squash, general","7.3",
"Sports","table tennis, ping pong","4",
"Sports","tai chi, qi gong, general","3",
"Sports","tai chi, qi gong, sitting, light effort","1.5",
"Sports","tennis, general","7.3",
"Sports","tennis, doubles ","6",
"Sports","tennis, doubles","4.5",
"Sports","tennis, singles","8",
"Sports","tennis, hitting balls, non-game play, moderate effort","5.0",
"Sports","trampoline, recreational","3.5",
"Sports","trampoline, competitive","4.5",
"Sports","volleyball","4",
"Sports","volleyball, competitive, in gymnasium","6",
"Sports","volleyball, non-competitive, 6 - 9 member team, general","3",
"Sports","volleyball, beach, in sand","8",
"Sports","wrestling (one match = 5 minutes)","6",
"Sports","wallyball, general","7",
"Sports","track and field (e.g., shot, discus, hammer throw)","4",
"Sports","track and field (e.g., high jump, long jump, triple jump, javelin, pole vault)","6",
"Sports","track and field (e.g., steeplechase, hurdles)","10",
"Transportation","automobile or light truck (not a semi) driving","2.5",
"Transportation","riding in a car or truck","1.3",
"Transportation","riding in a bus or train","1.3",
"Transportation","flying airplane or helicopter","1.8",
"Transportation","motor scooter, motorcycle","2.8",
"Transportation","pulling rickshaw","6.3",
"Transportation","pushing plane in and out of hangar","6",
"Transportation","truck, semi, tractor, > 1 ton, or bus, driving","2.5",
"Transportation","walking for transportation, 2.8-3.2 mph, level, moderate pace, firm surface","3.5",
"Walking","backpacking","7",
"Walking","backpacking, hiking or organized walking with a daypack","7.8",
"Walking","carrying 15 pound load (e.g. suitcase), level ground or downstairs","5",
"Walking","carrying 15 lb child, slow walking","2.3",
"Walking","carrying load upstairs, general","8.3",
"Walking","carrying 1 to 15 lb load, upstairs","5",
"Walking","carrying 16 to 24 lb load, upstairs","6",
"Walking","carrying 25 to 49 lb load, upstairs","8",
"Walking","carrying 50 to 74 lb load, upstairs","10",
"Walking","carrying > 74 lb load, upstairs","12",
"Walking","loading /unloading a car, implied walking","3.5",
"Walking","climbing hills, no load","6.3",
"Walking","climbing hills with 0 to 9 lb load","6.5",
"Walking","climbing hills with 10 to 20 lb load","7.3",
"Walking","climbing hills with 21 to 42 lb load","8.3",
"Walking","climbing hills with 42+ lb load","9",
"Walking","descending stairs","3.5",
"Walking","hiking, cross country ","6",
"Walking","hiking or walking at a normal pace through fields and hillsides","5.3",
"Walking","bird watching, slow walk","2.5",
"Walking","marching, moderate speed, military, no pack","4.5",
"Walking","marching rapidly, military, no pack","8",
"Walking","pushing or pulling stroller with child or walking with children, 2.5 to 3.1 mph","4",
"Walking","pushing a wheelchair, non-occupational","3.8",
"Walking","race walking","6.5",
"Walking","rock or mountain climbing ",
"Walking","stair climbing, using or climbing up ladder","8",
"Walking","stair climbing, slow pace","4.0",
"Walking","stair climbing, fast pace","8.8",
"Walking","using crutches","5",
"Walking","walking, household","2",
"Walking","walking, less than 2.0 mph, level, strolling, very slow","2",
"Walking","walking, 2.0 mph, level, slow pace, firm surface","2.8",
"Walking","walking for pleasure","3.5",
"Walking","walking from house to car or bus, from car or bus to go places, from car or bus to and from the worksite","2.5",
"Walking","walking to neighbor’s house or family’s house for social reasons","2.5",
"Walking","walking the dog","3",
"Walking","walking, 2.5 mph, level, firm surface","3",
"Walking","walking, 2.5 mph, downhill","3.3",
"Walking","walking, 2.8 to 3.2 mph, level, moderate pace, firm surface","3.5",
"Walking","walking, 3.5 mph, level, brisk, firm surface, walking for exercise","4.3",
"Walking","walking, 2.9 to 3.5 mph, uphill, 1 to 5% grade","5.3",
"Walking","walking, 2.9 to 3.5 mph, uphill, 6% to 15% grade","8",
"Walking","walking, 4.0 mph, level, firm surface, very brisk pace","5",
"Walking","walking, 4.5 mph, level, firm surface, very, very brisk","7",
"Walking","walking, 5.0 mph, level, firm surface","8.3",
"Walking","walking, 5.0 mph, uphill, 3% grade","9.8",
"Walking","walking, for pleasure, work break","3.5",
"Walking","walking, grass track","4.8",
"Walking","walking, normal pace, plowed field or sand","4.5",
"Walking","walking, to work or class","4",
"Walking","walking, to and from an outhouse","2.5",
"Walking","walking, for exercise, 3.5 to 4 mph, with ski poles, Nordic walking, level, moderate pace","4.8",
"Walking","walking, for exercise, 5.0 mph, with ski poles, Nordic walking, level, fast pace","9.5",
"Walking","walking, for exercise, with ski poles, Nordic walking, uphill","6.8",
"Walking","walking, backwards, 3.5 mph, level","6",
"Walking","walking, backwards, 3.5 mph, uphill, 5% grade","8.0",
"Water Activities","boating, power, driving","2.5",
"Water Activities","boating, power, passenger, light","1.3",
"Water Activities","canoeing, on camping trip ","4",
"Water Activities","canoeing, harvesting wild rice, knocking rice off the stalks","3.3",
"Water Activities","canoeing, portaging","7",
"Water Activities","canoeing, rowing, 2.0-3.9 mph, light effort","2.8",
"Water Activities","canoeing, rowing, 4.0-5.9 mph, moderate effort","5.8",
"Water Activities","canoeing, rowing, kayaking, competition, >6 mph, vigorous effort","12.5",
"Water Activities","canoeing, rowing, for pleasure, general","3.5",
"Water Activities","canoeing, rowing, in competition, or crew or sculling","12",
"Water Activities","diving, springboard or platform","3",
"Water Activities","kayaking, moderate effort","5",
"Water Activities","paddle boat","4",
"Water Activities","sailing, boat and board sailing, windsurfing, ice sailing, general","3",
"Water Activities","sailing, in competition","4.5",
"Water Activities","sailing, Sunfish/Laser/Hobby Cat, Keel boats, ocean sailing, yachting, leisure","3.3",
"Water Activities","skiing, water or wakeboarding","6",
"Water Activities","jet skiing, driving, in water","7",
"Water Activities","skindiving, fast","15.8",
"Water Activities","skindiving, moderate","11.8",
"Water Activities","skindiving, scuba diving, general","7",
"Water Activities","snorkeling","5",
"Water Activities","surfing, body or board, general","3",
"Water Activities","surfing, body or board, competitive","5",
"Water Activities","paddle boarding, standing","6",
"Water Activities","swimming laps, freestyle, fast, vigorous effort","9.8",
"Water Activities","swimming laps, freestyle, front crawl, slow, light or moderate effort","5.8",
"Water Activities","swimming, backstroke, general, training or competition","9.5",
"Water Activities","swimming, backstroke, recreational","4.8",
"Water Activities","swimming, breaststroke, general, training or competition","10.3",
"Water Activities","swimming, breaststroke, recreational","5.3",
"Water Activities","swimming, butterfly, general","13.8",
"Water Activities","swimming, crawl, fast speed, ~75 yards/minute, vigorous effort","10",
"Water Activities","swimming, crawl, medium speed, ~50 yards/minute, vigorous effort","8.3",
"Water Activities","swimming, lake, ocean, river","6",
"Water Activities","swimming, leisurely, not lap swimming, general","6",
"Water Activities","swimming, sidestroke, general","7",
"Water Activities","swimming, synchronized","8",
"Water Activities","swimming, treading water, fast, vigorous effort","9.8",
"Water Activities","swimming, treading water, moderate effort, general","3.5",
"Water Activities","tubing, floating on a river, general","2.3",
"Water Activities","water aerobics, water calisthenics","5.5",
"Water Activities","water polo","10",
"Water Activities","water volleyball","3",
"Water Activities","water jogging","9.8",
"Water Activities","water walking, light effort, slow pace","2.5",
"Water Activities","water walking, moderate effort, moderate pace","4.5",
"Water Activities","water walking, vigorous effort, brisk pace","6.8",
"Water Activities","whitewater rafting, kayaking, or canoeing","5",
"Water Activities","windsurfing, not pumping for speed","5",
"Water Activities","windsurfing or kitesurfing, crossing trial","11",
"Water Activities","windsurfing, competition, pumping for speed","13.5",
"Winter Activities","dog sledding, mushing","7.5",
"Winter Activities","dog sledding, passenger","2.5",
"Winter Activities","moving ice house, set up/drill holes","6",
"Winter Activities","ice fishing, sitting","2.0",
"Winter Activities","skating, ice dancing","14.0",
"Winter Activities","skating, ice, 9 mph or less","5.5",
"Winter Activities","skating, ice, general","7",
"Winter Activities","skating, ice, rapidly, more than 9 mph, not competitive","9",
"Winter Activities","skating, speed, competitive","13.3",
"Winter Activities","ski jumping, climb up carrying skis","7",
"Winter Activities","skiing, general","7",
"Winter Activities","skiing, cross country, 2.5 mph, slow or light effort, ski walking","6.8",
"Winter Activities","skiing, cross country, 4.0-4.9 mph, moderate speed and effort, general","9",
"Winter Activities","skiing, cross country, 5.0-7.9 mph, brisk speed, vigorous effort","12.5",
"Winter Activities","skiing, cross country, >8.0 mph, elite skier, racing","15",
"Winter Activities","skiing, cross country, hard snow, uphill, maximum, snow mountaineering","15.5",
"Winter Activities","skiing, cross-country, skating","13.3",
"Winter Activities","skiing, cross-country, biathlon, skating technique","13.5",
"Winter Activities","skiing, downhill, alpine or snowboarding, light effort, active time only","4.3",
"Winter Activities","skiing, downhill, alpine or snowboarding, moderate effort, general, active time only","5.3",
"Winter Activities","skiing, downhill, vigorous effort, racing","8",
"Winter Activities","skiing, roller, elite racers","12.5",
"Winter Activities","sledding, tobogganing, bobsledding, luge","7",
"Winter Activities","snow shoeing, moderate effort","5.3",
"Winter Activities","snow shoeing, vigorous effort","10",
"Winter Activities","snowmobiling, driving, moderate","3.5",
"Winter Activities","snowmobiling, passenger","2",
"Winter Activities","snow shoveling, by hand, moderate effort","5.3",
"Winter Activities","snow shoveling, by hand, vigorous effort","7.5",
"Winter Activities","snow blower, walking and pushing","2.5",
"Religious Activities","sitting in church, in service, attending a ceremony, sitting quietly","1.3",
"Religious Activities","sitting, playing an instrument at church","2",
"Religious Activities","sitting in church, talking or singing, attending a ceremony, sitting, active participation","1.8",
"Religious Activities","sitting, reading religious materials at home","1.3",
"Religious Activities","standing quietly in church, attending a ceremony","1.3",
"Religious Activities","standing, singing in church, attending a ceremony, standing, active participation","2",
"Religious Activities","kneeling in church or at home, praying","1.3",
"Religious Activities","standing, talking in church","1.8",
"Religious Activities","walking in church","2",
"Religious Activities","walking, less than 2.0 mph, very slow","2",
"Religious Activities","walking, 3.0 mph, moderate speed, not carrying anything","3.5",
"Religious Activities","walking, 3.5 mph, brisk speed, not carrying anything","4.3",
"Religious Activities","walk/stand combination for religious purposes, usher","2",
"Religious Activities","praise with dance or run, spiritual dancing in church","5",
"Religious Activities","serving food at church","2.5",
"Religious Activities","preparing food at church","2",
"Religious Activities","washing dishes, cleaning kitchen at church","3.3",
"Religious Activities","eating at church","1.5",
"Religious Activities","eating/talking at church or standing eating, American Indian Feast days","2",
"Religious Activities","cleaning church","3.3",
"Religious Activities","general yard work at church","4",
"Religious Activities","standing, moderate effort (e.g., lifting heavy objects, assembling at fast rate)","3.5",
"Religious Activities","standing, moderate-to-heavy effort, manual labor, lifting ? 50 lbs, heavy maintenance","4.5",
"Religious Activities","typing, electric, manual, or computer","1.3",
"Volunteer","sitting, meeting, general, and/or with talking involved","1.5",
"Volunteer","sitting, light office work, in general","1.5",
"Volunteer","sitting, moderate work","2.5",
"Volunteer","standing, light work (filing, talking, assembling)","2.3",
"Volunteer","sitting, child care, only active periods","2",
"Volunteer","standing, child care, only active periods","3",
"Volunteer","walk/run play with children, moderate, only active periods","3.5",
"Volunteer","walk/run play with children, vigorous, only active periods","5.8",
"Volunteer","standing, light/moderate work (e.g., pack boxes, assemble/repair, set up chairs/furniture)","3",
"Volunteer","standing, moderate (lifting 50 lbs., assembling at fast rate)","3.5",
"Volunteer","standing, moderate/heavy work","4.5",
"Volunteer","typing, electric, manual, or computer","1.3",
"Volunteer","walking, less than 2.0 mph, very slow","2",
"Volunteer","walking, 3.0 mph, moderate speed, not carrying anything","3.5",
"Volunteer","walking, 3.5 mph, brisk speed, not carrying anything","4.3",
"Volunteer","walking, 2.5 mph slowly and carrying objects less than 25 pounds","3.5",
"Volunteer","walking, 3.0 mph moderately and carrying objects less than 25 pounds, pushing something","4.5",
"Volunteer","walking, 3.5 mph, briskly and carrying objects less than 25 pounds","4.8",
"Volunteer","walk/stand combination, for volunteer purposes","3",